dataset	threads	seed	old_order_sha256	new_order_sha256	reads_sha256	truth_sha256	truth_original_sha256	truth_effective_sha256	truth_only_excluded	old_runner_sha256	new_runner_sha256	old_runner_workers	new_runner_workers	old_runner_worker_cpus	new_runner_worker_cpus	old_raw_pred_sha256	new_raw_pred_sha256	old_canonical_pred_sha256	new_canonical_pred_sha256	missing	extra	duplicate	mismatch_clusters	mismatch_ids	old_exact	new_exact	old_accuracy	new_accuracy	old_mean_ed	new_mean_ed	old_engine_time_s	new_engine_time_s	old_round_time_s	new_round_time_s	protocol_old	protocol_new	schema_only_raw_difference	status	old_exact_count	new_exact_count	old_total_ed	new_total_ed	old_total_truth_bases	new_total_truth_bases	old_metric_counts_source	new_metric_counts_source
oligo0	1	6c2f91a47bd803e52a9c14f8d730be65	ca3f954b9b186b477627c10e7b19dc6781e041fd047d7e6b55c17a96a3097103	ca3f954b9b186b477627c10e7b19dc6781e041fd047d7e6b55c17a96a3097103	73db92a57b6eef4e1a66fcd4448865977a7e03f03c213b9ebd54f1894aedb805	4f5892827cd6a03a641029c5ce657053185fa57eae68f9515fcde303345184b4	4f5892827cd6a03a641029c5ce657053185fa57eae68f9515fcde303345184b4	4f5892827cd6a03a641029c5ce657053185fa57eae68f9515fcde303345184b4	0	23611c1d783167ec16913c8b151a1e4895d9bd7ce4f4a1843bc0a9947be260bf	66ce485be663e65967a2e17dee1a6b23b84789e405ffef8bb97fe80ea74a1b2e	1	1	0	0	5004be27b54e7afb721b8be3c934175d58330dcbdbdf7120db3bc1cfd294fed5	8926f3ca7f049879f8132669f1a5ff9ef8bf3c6a9a500bb9bd3acba385d9cf6f	04a414fd986b341e41053ceecd989c4040cae67456496fc5f99849016f98ec3c	04a414fd986b341e41053ceecd989c4040cae67456496fc5f99849016f98ec3c	0	0	0	0	NONE	0.9215552523874488	0.9215552523874488	0.9973725430751351	0.9973725430751351	0.2837653478854025	0.2837653478854025	1.030675557	1.882770668	1.298619031906128	2.1565791815519333	LEGACY_HARDCODED_EXCLUDED	NOT_APPLICABLE	1	PASS	1351	1351	416	416	158328	158328	PAIRED_NEW_EVALUATOR_AFTER_CANONICAL_IDENTITY	NATIVE_EVALUATOR
oligo0	4	6c2f91a47bd803e52a9c14f8d730be65	ca3f954b9b186b477627c10e7b19dc6781e041fd047d7e6b55c17a96a3097103	ca3f954b9b186b477627c10e7b19dc6781e041fd047d7e6b55c17a96a3097103	73db92a57b6eef4e1a66fcd4448865977a7e03f03c213b9ebd54f1894aedb805	4f5892827cd6a03a641029c5ce657053185fa57eae68f9515fcde303345184b4	4f5892827cd6a03a641029c5ce657053185fa57eae68f9515fcde303345184b4	4f5892827cd6a03a641029c5ce657053185fa57eae68f9515fcde303345184b4	0	23611c1d783167ec16913c8b151a1e4895d9bd7ce4f4a1843bc0a9947be260bf	66ce485be663e65967a2e17dee1a6b23b84789e405ffef8bb97fe80ea74a1b2e	4	4	0,1,2,3	0,1,2,3	5004be27b54e7afb721b8be3c934175d58330dcbdbdf7120db3bc1cfd294fed5	8926f3ca7f049879f8132669f1a5ff9ef8bf3c6a9a500bb9bd3acba385d9cf6f	04a414fd986b341e41053ceecd989c4040cae67456496fc5f99849016f98ec3c	04a414fd986b341e41053ceecd989c4040cae67456496fc5f99849016f98ec3c	0	0	0	0	NONE	0.9215552523874488	0.9215552523874488	0.9973725430751351	0.9973725430751351	0.2837653478854025	0.2837653478854025	0.42561751	0.692872252	0.6624458692967892	1.0370569042861462	LEGACY_HARDCODED_EXCLUDED	NOT_APPLICABLE	1	PASS	1351	1351	416	416	158328	158328	PAIRED_NEW_EVALUATOR_AFTER_CANONICAL_IDENTITY	NATIVE_EVALUATOR
oligo0	16	6c2f91a47bd803e52a9c14f8d730be65	ca3f954b9b186b477627c10e7b19dc6781e041fd047d7e6b55c17a96a3097103	ca3f954b9b186b477627c10e7b19dc6781e041fd047d7e6b55c17a96a3097103	73db92a57b6eef4e1a66fcd4448865977a7e03f03c213b9ebd54f1894aedb805	4f5892827cd6a03a641029c5ce657053185fa57eae68f9515fcde303345184b4	4f5892827cd6a03a641029c5ce657053185fa57eae68f9515fcde303345184b4	4f5892827cd6a03a641029c5ce657053185fa57eae68f9515fcde303345184b4	0	23611c1d783167ec16913c8b151a1e4895d9bd7ce4f4a1843bc0a9947be260bf	66ce485be663e65967a2e17dee1a6b23b84789e405ffef8bb97fe80ea74a1b2e	16	16	0,1,2,3,4,5,6,7,8,9,10,11,12,13,14,15	0,1,2,3,4,5,6,7,8,9,10,11,12,13,14,15	5004be27b54e7afb721b8be3c934175d58330dcbdbdf7120db3bc1cfd294fed5	8926f3ca7f049879f8132669f1a5ff9ef8bf3c6a9a500bb9bd3acba385d9cf6f	04a414fd986b341e41053ceecd989c4040cae67456496fc5f99849016f98ec3c	04a414fd986b341e41053ceecd989c4040cae67456496fc5f99849016f98ec3c	0	0	0	0	NONE	0.9215552523874488	0.9215552523874488	0.9973725430751351	0.9973725430751351	0.2837653478854025	0.2837653478854025	0.366474541	0.396379841	0.6639426462352276	0.731265801936388	LEGACY_HARDCODED_EXCLUDED	NOT_APPLICABLE	1	PASS	1351	1351	416	416	158328	158328	PAIRED_NEW_EVALUATOR_AFTER_CANONICAL_IDENTITY	NATIVE_EVALUATOR
oligo0	20	6c2f91a47bd803e52a9c14f8d730be65	ca3f954b9b186b477627c10e7b19dc6781e041fd047d7e6b55c17a96a3097103	ca3f954b9b186b477627c10e7b19dc6781e041fd047d7e6b55c17a96a3097103	73db92a57b6eef4e1a66fcd4448865977a7e03f03c213b9ebd54f1894aedb805	4f5892827cd6a03a641029c5ce657053185fa57eae68f9515fcde303345184b4	4f5892827cd6a03a641029c5ce657053185fa57eae68f9515fcde303345184b4	4f5892827cd6a03a641029c5ce657053185fa57eae68f9515fcde303345184b4	0	23611c1d783167ec16913c8b151a1e4895d9bd7ce4f4a1843bc0a9947be260bf	66ce485be663e65967a2e17dee1a6b23b84789e405ffef8bb97fe80ea74a1b2e	20	20	0,1,2,3,4,5,6,7,8,9,10,11,12,13,14,15,16,17,18,19	0,1,2,3,4,5,6,7,8,9,10,11,12,13,14,15,16,17,18,19	5004be27b54e7afb721b8be3c934175d58330dcbdbdf7120db3bc1cfd294fed5	8926f3ca7f049879f8132669f1a5ff9ef8bf3c6a9a500bb9bd3acba385d9cf6f	04a414fd986b341e41053ceecd989c4040cae67456496fc5f99849016f98ec3c	04a414fd986b341e41053ceecd989c4040cae67456496fc5f99849016f98ec3c	0	0	0	0	NONE	0.9215552523874488	0.9215552523874488	0.9973725430751351	0.9973725430751351	0.2837653478854025	0.2837653478854025	0.330176365	0.402639643	0.5690184123814106	0.7639956921339035	LEGACY_HARDCODED_EXCLUDED	NOT_APPLICABLE	1	PASS	1351	1351	416	416	158328	158328	PAIRED_NEW_EVALUATOR_AFTER_CANONICAL_IDENTITY	NATIVE_EVALUATOR
oligo0	32	6c2f91a47bd803e52a9c14f8d730be65	ca3f954b9b186b477627c10e7b19dc6781e041fd047d7e6b55c17a96a3097103	ca3f954b9b186b477627c10e7b19dc6781e041fd047d7e6b55c17a96a3097103	73db92a57b6eef4e1a66fcd4448865977a7e03f03c213b9ebd54f1894aedb805	4f5892827cd6a03a641029c5ce657053185fa57eae68f9515fcde303345184b4	4f5892827cd6a03a641029c5ce657053185fa57eae68f9515fcde303345184b4	4f5892827cd6a03a641029c5ce657053185fa57eae68f9515fcde303345184b4	0	23611c1d783167ec16913c8b151a1e4895d9bd7ce4f4a1843bc0a9947be260bf	66ce485be663e65967a2e17dee1a6b23b84789e405ffef8bb97fe80ea74a1b2e	32	32	0,1,2,3,4,5,6,7,8,9,10,11,12,13,14,15,16,17,18,19,20,21,22,23,24,25,26,27,28,29,30,31	0,1,2,3,4,5,6,7,8,9,10,11,12,13,14,15,16,17,18,19,20,21,22,23,24,25,26,27,28,29,30,31	5004be27b54e7afb721b8be3c934175d58330dcbdbdf7120db3bc1cfd294fed5	8926f3ca7f049879f8132669f1a5ff9ef8bf3c6a9a500bb9bd3acba385d9cf6f	04a414fd986b341e41053ceecd989c4040cae67456496fc5f99849016f98ec3c	04a414fd986b341e41053ceecd989c4040cae67456496fc5f99849016f98ec3c	0	0	0	0	NONE	0.9215552523874488	0.9215552523874488	0.9973725430751351	0.9973725430751351	0.2837653478854025	0.2837653478854025	0.5349822	0.501367014	0.8313669450581074	0.8743237406015396	LEGACY_HARDCODED_EXCLUDED	NOT_APPLICABLE	1	PASS	1351	1351	416	416	158328	158328	PAIRED_NEW_EVALUATOR_AFTER_CANONICAL_IDENTITY	NATIVE_EVALUATOR
ncomms19_365dishes	1	6c2f91a47bd803e52a9c14f8d730be65	b64ffae49c54471d863ce2a9e906e5a0ffd66c61d5c4cf15930f8dc23142b0b9	b64ffae49c54471d863ce2a9e906e5a0ffd66c61d5c4cf15930f8dc23142b0b9	1ad7369eb95ba9b681ef3fee74dd0316c469d134c65954a926e1a5b8d2ee86af	3c2f4ff13eb5e69ee4ad10063991baa2a0a13b207ac22a5acae69e0d86a19640	3c2f4ff13eb5e69ee4ad10063991baa2a0a13b207ac22a5acae69e0d86a19640	3c2f4ff13eb5e69ee4ad10063991baa2a0a13b207ac22a5acae69e0d86a19640	0	23611c1d783167ec16913c8b151a1e4895d9bd7ce4f4a1843bc0a9947be260bf	66ce485be663e65967a2e17dee1a6b23b84789e405ffef8bb97fe80ea74a1b2e	1	1	0	0	07e6f8a1f22899d026ddc034d3f0017b22a72e509852e34e3a81284358c6696e	44b7745c32c77c1387b08196c191d9de01d29d2441ad8f4153b3d49ff4d90e51	c8f38c17ba21e819d49730b0818e9a55a9dc8f07a2dd3c4462c5b42dd9e99c10	c8f38c17ba21e819d49730b0818e9a55a9dc8f07a2dd3c4462c5b42dd9e99c10	0	0	0	0	NONE	0.985279685966634	0.985279685966634	0.9976218514883873	0.9976218514883873	0.3567222767419038	0.3567222767419038	0.909609123	1.879604125	1.270297598093748	2.323591958731413	LEGACY_HARDCODED_EXCLUDED	NOT_APPLICABLE	1	PASS	2008	2008	727	727	305700	305700	PAIRED_NEW_EVALUATOR_AFTER_CANONICAL_IDENTITY	NATIVE_EVALUATOR
ncomms19_365dishes	4	6c2f91a47bd803e52a9c14f8d730be65	b64ffae49c54471d863ce2a9e906e5a0ffd66c61d5c4cf15930f8dc23142b0b9	b64ffae49c54471d863ce2a9e906e5a0ffd66c61d5c4cf15930f8dc23142b0b9	1ad7369eb95ba9b681ef3fee74dd0316c469d134c65954a926e1a5b8d2ee86af	3c2f4ff13eb5e69ee4ad10063991baa2a0a13b207ac22a5acae69e0d86a19640	3c2f4ff13eb5e69ee4ad10063991baa2a0a13b207ac22a5acae69e0d86a19640	3c2f4ff13eb5e69ee4ad10063991baa2a0a13b207ac22a5acae69e0d86a19640	0	23611c1d783167ec16913c8b151a1e4895d9bd7ce4f4a1843bc0a9947be260bf	66ce485be663e65967a2e17dee1a6b23b84789e405ffef8bb97fe80ea74a1b2e	4	4	0,1,2,3	0,1,2,3	07e6f8a1f22899d026ddc034d3f0017b22a72e509852e34e3a81284358c6696e	44b7745c32c77c1387b08196c191d9de01d29d2441ad8f4153b3d49ff4d90e51	c8f38c17ba21e819d49730b0818e9a55a9dc8f07a2dd3c4462c5b42dd9e99c10	c8f38c17ba21e819d49730b0818e9a55a9dc8f07a2dd3c4462c5b42dd9e99c10	0	0	0	0	NONE	0.985279685966634	0.985279685966634	0.9976218514883873	0.9976218514883873	0.3567222767419038	0.3567222767419038	0.401874374	0.679076019	0.7898580357432365	1.0858911238610744	LEGACY_HARDCODED_EXCLUDED	NOT_APPLICABLE	1	PASS	2008	2008	727	727	305700	305700	PAIRED_NEW_EVALUATOR_AFTER_CANONICAL_IDENTITY	NATIVE_EVALUATOR
ncomms19_365dishes	16	6c2f91a47bd803e52a9c14f8d730be65	b64ffae49c54471d863ce2a9e906e5a0ffd66c61d5c4cf15930f8dc23142b0b9	b64ffae49c54471d863ce2a9e906e5a0ffd66c61d5c4cf15930f8dc23142b0b9	1ad7369eb95ba9b681ef3fee74dd0316c469d134c65954a926e1a5b8d2ee86af	3c2f4ff13eb5e69ee4ad10063991baa2a0a13b207ac22a5acae69e0d86a19640	3c2f4ff13eb5e69ee4ad10063991baa2a0a13b207ac22a5acae69e0d86a19640	3c2f4ff13eb5e69ee4ad10063991baa2a0a13b207ac22a5acae69e0d86a19640	0	23611c1d783167ec16913c8b151a1e4895d9bd7ce4f4a1843bc0a9947be260bf	66ce485be663e65967a2e17dee1a6b23b84789e405ffef8bb97fe80ea74a1b2e	16	16	0,1,2,3,4,5,6,7,8,9,10,11,12,13,14,15	0,1,2,3,4,5,6,7,8,9,10,11,12,13,14,15	07e6f8a1f22899d026ddc034d3f0017b22a72e509852e34e3a81284358c6696e	44b7745c32c77c1387b08196c191d9de01d29d2441ad8f4153b3d49ff4d90e51	c8f38c17ba21e819d49730b0818e9a55a9dc8f07a2dd3c4462c5b42dd9e99c10	c8f38c17ba21e819d49730b0818e9a55a9dc8f07a2dd3c4462c5b42dd9e99c10	0	0	0	0	NONE	0.985279685966634	0.985279685966634	0.9976218514883873	0.9976218514883873	0.3567222767419038	0.3567222767419038	0.330785853	0.443314111	0.7115865871310234	0.8998198844492435	LEGACY_HARDCODED_EXCLUDED	NOT_APPLICABLE	1	PASS	2008	2008	727	727	305700	305700	PAIRED_NEW_EVALUATOR_AFTER_CANONICAL_IDENTITY	NATIVE_EVALUATOR
ncomms19_365dishes	20	6c2f91a47bd803e52a9c14f8d730be65	b64ffae49c54471d863ce2a9e906e5a0ffd66c61d5c4cf15930f8dc23142b0b9	b64ffae49c54471d863ce2a9e906e5a0ffd66c61d5c4cf15930f8dc23142b0b9	1ad7369eb95ba9b681ef3fee74dd0316c469d134c65954a926e1a5b8d2ee86af	3c2f4ff13eb5e69ee4ad10063991baa2a0a13b207ac22a5acae69e0d86a19640	3c2f4ff13eb5e69ee4ad10063991baa2a0a13b207ac22a5acae69e0d86a19640	3c2f4ff13eb5e69ee4ad10063991baa2a0a13b207ac22a5acae69e0d86a19640	0	23611c1d783167ec16913c8b151a1e4895d9bd7ce4f4a1843bc0a9947be260bf	66ce485be663e65967a2e17dee1a6b23b84789e405ffef8bb97fe80ea74a1b2e	20	20	0,1,2,3,4,5,6,7,8,9,10,11,12,13,14,15,16,17,18,19	0,1,2,3,4,5,6,7,8,9,10,11,12,13,14,15,16,17,18,19	07e6f8a1f22899d026ddc034d3f0017b22a72e509852e34e3a81284358c6696e	44b7745c32c77c1387b08196c191d9de01d29d2441ad8f4153b3d49ff4d90e51	c8f38c17ba21e819d49730b0818e9a55a9dc8f07a2dd3c4462c5b42dd9e99c10	c8f38c17ba21e819d49730b0818e9a55a9dc8f07a2dd3c4462c5b42dd9e99c10	0	0	0	0	NONE	0.985279685966634	0.985279685966634	0.9976218514883873	0.9976218514883873	0.3567222767419038	0.3567222767419038	0.378735647	0.426669374	0.7737876065075397	0.8462118841707706	LEGACY_HARDCODED_EXCLUDED	NOT_APPLICABLE	1	PASS	2008	2008	727	727	305700	305700	PAIRED_NEW_EVALUATOR_AFTER_CANONICAL_IDENTITY	NATIVE_EVALUATOR
ncomms19_365dishes	32	6c2f91a47bd803e52a9c14f8d730be65	b64ffae49c54471d863ce2a9e906e5a0ffd66c61d5c4cf15930f8dc23142b0b9	b64ffae49c54471d863ce2a9e906e5a0ffd66c61d5c4cf15930f8dc23142b0b9	1ad7369eb95ba9b681ef3fee74dd0316c469d134c65954a926e1a5b8d2ee86af	3c2f4ff13eb5e69ee4ad10063991baa2a0a13b207ac22a5acae69e0d86a19640	3c2f4ff13eb5e69ee4ad10063991baa2a0a13b207ac22a5acae69e0d86a19640	3c2f4ff13eb5e69ee4ad10063991baa2a0a13b207ac22a5acae69e0d86a19640	0	23611c1d783167ec16913c8b151a1e4895d9bd7ce4f4a1843bc0a9947be260bf	66ce485be663e65967a2e17dee1a6b23b84789e405ffef8bb97fe80ea74a1b2e	32	32	0,1,2,3,4,5,6,7,8,9,10,11,12,13,14,15,16,17,18,19,20,21,22,23,24,25,26,27,28,29,30,31	0,1,2,3,4,5,6,7,8,9,10,11,12,13,14,15,16,17,18,19,20,21,22,23,24,25,26,27,28,29,30,31	07e6f8a1f22899d026ddc034d3f0017b22a72e509852e34e3a81284358c6696e	44b7745c32c77c1387b08196c191d9de01d29d2441ad8f4153b3d49ff4d90e51	c8f38c17ba21e819d49730b0818e9a55a9dc8f07a2dd3c4462c5b42dd9e99c10	c8f38c17ba21e819d49730b0818e9a55a9dc8f07a2dd3c4462c5b42dd9e99c10	0	0	0	0	NONE	0.985279685966634	0.985279685966634	0.9976218514883873	0.9976218514883873	0.3567222767419038	0.3567222767419038	0.501661963	0.537711948	0.9558973535895348	0.9634472541511059	LEGACY_HARDCODED_EXCLUDED	NOT_APPLICABLE	1	PASS	2008	2008	727	727	305700	305700	PAIRED_NEW_EVALUATOR_AFTER_CANONICAL_IDENTITY	NATIVE_EVALUATOR
binned_nanopore	1	6c2f91a47bd803e52a9c14f8d730be65	9240fac6c46d3f10338c3168fad68dae4567373d11a0adb381261e88d2fddb00	9240fac6c46d3f10338c3168fad68dae4567373d11a0adb381261e88d2fddb00	9700a8bad3aca40b071db22e944af8801263155dfcf5bfa41e6ff08c2ff3f663	3476f4f9b8b02642c0fa7c1edfbbbc79aa26b7ab5f32dd13ebd3c8cbf6bdcf06	3476f4f9b8b02642c0fa7c1edfbbbc79aa26b7ab5f32dd13ebd3c8cbf6bdcf06	3476f4f9b8b02642c0fa7c1edfbbbc79aa26b7ab5f32dd13ebd3c8cbf6bdcf06	0	23611c1d783167ec16913c8b151a1e4895d9bd7ce4f4a1843bc0a9947be260bf	66ce485be663e65967a2e17dee1a6b23b84789e405ffef8bb97fe80ea74a1b2e	1	1	0	0	d86e31bf03be8519d86ae4b5eace83194e7f68f9061bb035307dc6674ad4d0f2	23977b64916e25b123e7be7b35b7b2e2b74d82790653ca20e00254f7d30edfb7	38bd39c82670d963613c663a37ee59954170022bac778404da42c1c62a9a4dbd	38bd39c82670d963613c663a37ee59954170022bac778404da42c1c62a9a4dbd	0	0	0	0	NONE	0.9875	0.9875	0.9982635714285715	0.9982635714285715	0.2431	0.2431	2.731076642	5.803118772	3.9927880354225636	7.184314273297787	LEGACY_HARDCODED_EXCLUDED	NOT_APPLICABLE	1	PASS	9875	9875	2431	2431	1400000	1400000	PAIRED_NEW_EVALUATOR_AFTER_CANONICAL_IDENTITY	NATIVE_EVALUATOR
binned_nanopore	4	6c2f91a47bd803e52a9c14f8d730be65	9240fac6c46d3f10338c3168fad68dae4567373d11a0adb381261e88d2fddb00	9240fac6c46d3f10338c3168fad68dae4567373d11a0adb381261e88d2fddb00	9700a8bad3aca40b071db22e944af8801263155dfcf5bfa41e6ff08c2ff3f663	3476f4f9b8b02642c0fa7c1edfbbbc79aa26b7ab5f32dd13ebd3c8cbf6bdcf06	3476f4f9b8b02642c0fa7c1edfbbbc79aa26b7ab5f32dd13ebd3c8cbf6bdcf06	3476f4f9b8b02642c0fa7c1edfbbbc79aa26b7ab5f32dd13ebd3c8cbf6bdcf06	0	23611c1d783167ec16913c8b151a1e4895d9bd7ce4f4a1843bc0a9947be260bf	66ce485be663e65967a2e17dee1a6b23b84789e405ffef8bb97fe80ea74a1b2e	4	4	0,1,2,3	0,1,2,3	d86e31bf03be8519d86ae4b5eace83194e7f68f9061bb035307dc6674ad4d0f2	23977b64916e25b123e7be7b35b7b2e2b74d82790653ca20e00254f7d30edfb7	38bd39c82670d963613c663a37ee59954170022bac778404da42c1c62a9a4dbd	38bd39c82670d963613c663a37ee59954170022bac778404da42c1c62a9a4dbd	0	0	0	0	NONE	0.9875	0.9875	0.9982635714285715	0.9982635714285715	0.2431	0.2431	0.911640707	1.835280424	2.054529517889023	3.238740984350443	LEGACY_HARDCODED_EXCLUDED	NOT_APPLICABLE	1	PASS	9875	9875	2431	2431	1400000	1400000	PAIRED_NEW_EVALUATOR_AFTER_CANONICAL_IDENTITY	NATIVE_EVALUATOR
binned_nanopore	16	6c2f91a47bd803e52a9c14f8d730be65	9240fac6c46d3f10338c3168fad68dae4567373d11a0adb381261e88d2fddb00	9240fac6c46d3f10338c3168fad68dae4567373d11a0adb381261e88d2fddb00	9700a8bad3aca40b071db22e944af8801263155dfcf5bfa41e6ff08c2ff3f663	3476f4f9b8b02642c0fa7c1edfbbbc79aa26b7ab5f32dd13ebd3c8cbf6bdcf06	3476f4f9b8b02642c0fa7c1edfbbbc79aa26b7ab5f32dd13ebd3c8cbf6bdcf06	3476f4f9b8b02642c0fa7c1edfbbbc79aa26b7ab5f32dd13ebd3c8cbf6bdcf06	0	23611c1d783167ec16913c8b151a1e4895d9bd7ce4f4a1843bc0a9947be260bf	66ce485be663e65967a2e17dee1a6b23b84789e405ffef8bb97fe80ea74a1b2e	16	16	0,1,2,3,4,5,6,7,8,9,10,11,12,13,14,15	0,1,2,3,4,5,6,7,8,9,10,11,12,13,14,15	d86e31bf03be8519d86ae4b5eace83194e7f68f9061bb035307dc6674ad4d0f2	23977b64916e25b123e7be7b35b7b2e2b74d82790653ca20e00254f7d30edfb7	38bd39c82670d963613c663a37ee59954170022bac778404da42c1c62a9a4dbd	38bd39c82670d963613c663a37ee59954170022bac778404da42c1c62a9a4dbd	0	0	0	0	NONE	0.9875	0.9875	0.9982635714285715	0.9982635714285715	0.2431	0.2431	0.52119869	0.77287536	1.7012948468327522	2.2090684063732624	LEGACY_HARDCODED_EXCLUDED	NOT_APPLICABLE	1	PASS	9875	9875	2431	2431	1400000	1400000	PAIRED_NEW_EVALUATOR_AFTER_CANONICAL_IDENTITY	NATIVE_EVALUATOR
binned_nanopore	20	6c2f91a47bd803e52a9c14f8d730be65	9240fac6c46d3f10338c3168fad68dae4567373d11a0adb381261e88d2fddb00	9240fac6c46d3f10338c3168fad68dae4567373d11a0adb381261e88d2fddb00	9700a8bad3aca40b071db22e944af8801263155dfcf5bfa41e6ff08c2ff3f663	3476f4f9b8b02642c0fa7c1edfbbbc79aa26b7ab5f32dd13ebd3c8cbf6bdcf06	3476f4f9b8b02642c0fa7c1edfbbbc79aa26b7ab5f32dd13ebd3c8cbf6bdcf06	3476f4f9b8b02642c0fa7c1edfbbbc79aa26b7ab5f32dd13ebd3c8cbf6bdcf06	0	23611c1d783167ec16913c8b151a1e4895d9bd7ce4f4a1843bc0a9947be260bf	66ce485be663e65967a2e17dee1a6b23b84789e405ffef8bb97fe80ea74a1b2e	20	20	0,1,2,3,4,5,6,7,8,9,10,11,12,13,14,15,16,17,18,19	0,1,2,3,4,5,6,7,8,9,10,11,12,13,14,15,16,17,18,19	d86e31bf03be8519d86ae4b5eace83194e7f68f9061bb035307dc6674ad4d0f2	23977b64916e25b123e7be7b35b7b2e2b74d82790653ca20e00254f7d30edfb7	38bd39c82670d963613c663a37ee59954170022bac778404da42c1c62a9a4dbd	38bd39c82670d963613c663a37ee59954170022bac778404da42c1c62a9a4dbd	0	0	0	0	NONE	0.9875	0.9875	0.9982635714285715	0.9982635714285715	0.2431	0.2431	0.481287316	0.707169876	1.627299327403307	2.208497352898121	LEGACY_HARDCODED_EXCLUDED	NOT_APPLICABLE	1	PASS	9875	9875	2431	2431	1400000	1400000	PAIRED_NEW_EVALUATOR_AFTER_CANONICAL_IDENTITY	NATIVE_EVALUATOR
binned_nanopore	32	6c2f91a47bd803e52a9c14f8d730be65	9240fac6c46d3f10338c3168fad68dae4567373d11a0adb381261e88d2fddb00	9240fac6c46d3f10338c3168fad68dae4567373d11a0adb381261e88d2fddb00	9700a8bad3aca40b071db22e944af8801263155dfcf5bfa41e6ff08c2ff3f663	3476f4f9b8b02642c0fa7c1edfbbbc79aa26b7ab5f32dd13ebd3c8cbf6bdcf06	3476f4f9b8b02642c0fa7c1edfbbbc79aa26b7ab5f32dd13ebd3c8cbf6bdcf06	3476f4f9b8b02642c0fa7c1edfbbbc79aa26b7ab5f32dd13ebd3c8cbf6bdcf06	0	23611c1d783167ec16913c8b151a1e4895d9bd7ce4f4a1843bc0a9947be260bf	66ce485be663e65967a2e17dee1a6b23b84789e405ffef8bb97fe80ea74a1b2e	32	32	0,1,2,3,4,5,6,7,8,9,10,11,12,13,14,15,16,17,18,19,20,21,22,23,24,25,26,27,28,29,30,31	0,1,2,3,4,5,6,7,8,9,10,11,12,13,14,15,16,17,18,19,20,21,22,23,24,25,26,27,28,29,30,31	d86e31bf03be8519d86ae4b5eace83194e7f68f9061bb035307dc6674ad4d0f2	23977b64916e25b123e7be7b35b7b2e2b74d82790653ca20e00254f7d30edfb7	38bd39c82670d963613c663a37ee59954170022bac778404da42c1c62a9a4dbd	38bd39c82670d963613c663a37ee59954170022bac778404da42c1c62a9a4dbd	0	0	0	0	NONE	0.9875	0.9875	0.9982635714285715	0.9982635714285715	0.2431	0.2431	0.590323461	0.740709193	1.7972279377281666	2.2043777778744698	LEGACY_HARDCODED_EXCLUDED	NOT_APPLICABLE	1	PASS	9875	9875	2431	2431	1400000	1400000	PAIRED_NEW_EVALUATOR_AFTER_CANONICAL_IDENTITY	NATIVE_EVALUATOR
microsoft_cnr	1	6c2f91a47bd803e52a9c14f8d730be65	c72f44b4dfa28ed745477b9f0c86dcb7f9144229a2e01b6e45723d5950d87fcd	c72f44b4dfa28ed745477b9f0c86dcb7f9144229a2e01b6e45723d5950d87fcd	25557bcea1de73ab157e291caa624b1f097737ab15c09390f537faf99b72f8e1	c61de74c9a662e2db2694f2885171ae53f1b9847ab49ddffc4148863ae8516af	c61de74c9a662e2db2694f2885171ae53f1b9847ab49ddffc4148863ae8516af	c61de74c9a662e2db2694f2885171ae53f1b9847ab49ddffc4148863ae8516af	0	23611c1d783167ec16913c8b151a1e4895d9bd7ce4f4a1843bc0a9947be260bf	66ce485be663e65967a2e17dee1a6b23b84789e405ffef8bb97fe80ea74a1b2e	1	1	0	0	04f9dec9a94e1f929086df9caca2a2618f1e48f50cc12f98270bfb1eaccb655a	1011d284f5a9207dd2c087d4667eeeae29dc4f70c1bcb6bc2d412949734c6333	069af40e56e95fe6b75b8e3ee6b7d0e4b7a21e0c88e05b47f7b5fad6dd135ae9	069af40e56e95fe6b75b8e3ee6b7d0e4b7a21e0c88e05b47f7b5fad6dd135ae9	0	0	0	0	NONE	0.9433092948717948	0.9433092948717948	0.9983027389277389	0.9983027389277389	0.18669871794871795	0.18669871794871795	2.621067017	5.801833022	3.5061409808695316	6.9559606947004795	LEGACY_HARDCODED_EXCLUDED	NOT_APPLICABLE	1	PASS	9418	9418	1864	1864	1098240	1098240	PAIRED_NEW_EVALUATOR_AFTER_CANONICAL_IDENTITY	NATIVE_EVALUATOR
microsoft_cnr	4	6c2f91a47bd803e52a9c14f8d730be65	c72f44b4dfa28ed745477b9f0c86dcb7f9144229a2e01b6e45723d5950d87fcd	c72f44b4dfa28ed745477b9f0c86dcb7f9144229a2e01b6e45723d5950d87fcd	25557bcea1de73ab157e291caa624b1f097737ab15c09390f537faf99b72f8e1	c61de74c9a662e2db2694f2885171ae53f1b9847ab49ddffc4148863ae8516af	c61de74c9a662e2db2694f2885171ae53f1b9847ab49ddffc4148863ae8516af	c61de74c9a662e2db2694f2885171ae53f1b9847ab49ddffc4148863ae8516af	0	23611c1d783167ec16913c8b151a1e4895d9bd7ce4f4a1843bc0a9947be260bf	66ce485be663e65967a2e17dee1a6b23b84789e405ffef8bb97fe80ea74a1b2e	4	4	0,1,2,3	0,1,2,3	04f9dec9a94e1f929086df9caca2a2618f1e48f50cc12f98270bfb1eaccb655a	1011d284f5a9207dd2c087d4667eeeae29dc4f70c1bcb6bc2d412949734c6333	069af40e56e95fe6b75b8e3ee6b7d0e4b7a21e0c88e05b47f7b5fad6dd135ae9	069af40e56e95fe6b75b8e3ee6b7d0e4b7a21e0c88e05b47f7b5fad6dd135ae9	0	0	0	0	NONE	0.9433092948717948	0.9433092948717948	0.9983027389277389	0.9983027389277389	0.18669871794871795	0.18669871794871795	0.908763351	1.83401618	1.7482284381985664	3.0038629919290543	LEGACY_HARDCODED_EXCLUDED	NOT_APPLICABLE	1	PASS	9418	9418	1864	1864	1098240	1098240	PAIRED_NEW_EVALUATOR_AFTER_CANONICAL_IDENTITY	NATIVE_EVALUATOR
microsoft_cnr	16	6c2f91a47bd803e52a9c14f8d730be65	c72f44b4dfa28ed745477b9f0c86dcb7f9144229a2e01b6e45723d5950d87fcd	c72f44b4dfa28ed745477b9f0c86dcb7f9144229a2e01b6e45723d5950d87fcd	25557bcea1de73ab157e291caa624b1f097737ab15c09390f537faf99b72f8e1	c61de74c9a662e2db2694f2885171ae53f1b9847ab49ddffc4148863ae8516af	c61de74c9a662e2db2694f2885171ae53f1b9847ab49ddffc4148863ae8516af	c61de74c9a662e2db2694f2885171ae53f1b9847ab49ddffc4148863ae8516af	0	23611c1d783167ec16913c8b151a1e4895d9bd7ce4f4a1843bc0a9947be260bf	66ce485be663e65967a2e17dee1a6b23b84789e405ffef8bb97fe80ea74a1b2e	16	16	0,1,2,3,4,5,6,7,8,9,10,11,12,13,14,15	0,1,2,3,4,5,6,7,8,9,10,11,12,13,14,15	04f9dec9a94e1f929086df9caca2a2618f1e48f50cc12f98270bfb1eaccb655a	1011d284f5a9207dd2c087d4667eeeae29dc4f70c1bcb6bc2d412949734c6333	069af40e56e95fe6b75b8e3ee6b7d0e4b7a21e0c88e05b47f7b5fad6dd135ae9	069af40e56e95fe6b75b8e3ee6b7d0e4b7a21e0c88e05b47f7b5fad6dd135ae9	0	0	0	0	NONE	0.9433092948717948	0.9433092948717948	0.9983027389277389	0.9983027389277389	0.18669871794871795	0.18669871794871795	0.545328393	0.780265532	1.3724821396172047	1.8765514865517616	LEGACY_HARDCODED_EXCLUDED	NOT_APPLICABLE	1	PASS	9418	9418	1864	1864	1098240	1098240	PAIRED_NEW_EVALUATOR_AFTER_CANONICAL_IDENTITY	NATIVE_EVALUATOR
microsoft_cnr	20	6c2f91a47bd803e52a9c14f8d730be65	c72f44b4dfa28ed745477b9f0c86dcb7f9144229a2e01b6e45723d5950d87fcd	c72f44b4dfa28ed745477b9f0c86dcb7f9144229a2e01b6e45723d5950d87fcd	25557bcea1de73ab157e291caa624b1f097737ab15c09390f537faf99b72f8e1	c61de74c9a662e2db2694f2885171ae53f1b9847ab49ddffc4148863ae8516af	c61de74c9a662e2db2694f2885171ae53f1b9847ab49ddffc4148863ae8516af	c61de74c9a662e2db2694f2885171ae53f1b9847ab49ddffc4148863ae8516af	0	23611c1d783167ec16913c8b151a1e4895d9bd7ce4f4a1843bc0a9947be260bf	66ce485be663e65967a2e17dee1a6b23b84789e405ffef8bb97fe80ea74a1b2e	20	20	0,1,2,3,4,5,6,7,8,9,10,11,12,13,14,15,16,17,18,19	0,1,2,3,4,5,6,7,8,9,10,11,12,13,14,15,16,17,18,19	04f9dec9a94e1f929086df9caca2a2618f1e48f50cc12f98270bfb1eaccb655a	1011d284f5a9207dd2c087d4667eeeae29dc4f70c1bcb6bc2d412949734c6333	069af40e56e95fe6b75b8e3ee6b7d0e4b7a21e0c88e05b47f7b5fad6dd135ae9	069af40e56e95fe6b75b8e3ee6b7d0e4b7a21e0c88e05b47f7b5fad6dd135ae9	0	0	0	0	NONE	0.9433092948717948	0.9433092948717948	0.9983027389277389	0.9983027389277389	0.18669871794871795	0.18669871794871795	0.53240716	0.718951888	1.371840737760067	1.7711551748216152	LEGACY_HARDCODED_EXCLUDED	NOT_APPLICABLE	1	PASS	9418	9418	1864	1864	1098240	1098240	PAIRED_NEW_EVALUATOR_AFTER_CANONICAL_IDENTITY	NATIVE_EVALUATOR
microsoft_cnr	32	6c2f91a47bd803e52a9c14f8d730be65	c72f44b4dfa28ed745477b9f0c86dcb7f9144229a2e01b6e45723d5950d87fcd	c72f44b4dfa28ed745477b9f0c86dcb7f9144229a2e01b6e45723d5950d87fcd	25557bcea1de73ab157e291caa624b1f097737ab15c09390f537faf99b72f8e1	c61de74c9a662e2db2694f2885171ae53f1b9847ab49ddffc4148863ae8516af	c61de74c9a662e2db2694f2885171ae53f1b9847ab49ddffc4148863ae8516af	c61de74c9a662e2db2694f2885171ae53f1b9847ab49ddffc4148863ae8516af	0	23611c1d783167ec16913c8b151a1e4895d9bd7ce4f4a1843bc0a9947be260bf	66ce485be663e65967a2e17dee1a6b23b84789e405ffef8bb97fe80ea74a1b2e	32	32	0,1,2,3,4,5,6,7,8,9,10,11,12,13,14,15,16,17,18,19,20,21,22,23,24,25,26,27,28,29,30,31	0,1,2,3,4,5,6,7,8,9,10,11,12,13,14,15,16,17,18,19,20,21,22,23,24,25,26,27,28,29,30,31	04f9dec9a94e1f929086df9caca2a2618f1e48f50cc12f98270bfb1eaccb655a	1011d284f5a9207dd2c087d4667eeeae29dc4f70c1bcb6bc2d412949734c6333	069af40e56e95fe6b75b8e3ee6b7d0e4b7a21e0c88e05b47f7b5fad6dd135ae9	069af40e56e95fe6b75b8e3ee6b7d0e4b7a21e0c88e05b47f7b5fad6dd135ae9	0	0	0	0	NONE	0.9433092948717948	0.9433092948717948	0.9983027389277389	0.9983027389277389	0.18669871794871795	0.18669871794871795	0.60155941	0.745966122	1.4463272914290428	1.8590166978538036	LEGACY_HARDCODED_EXCLUDED	NOT_APPLICABLE	1	PASS	9418	9418	1864	1864	1098240	1098240	PAIRED_NEW_EVALUATOR_AFTER_CANONICAL_IDENTITY	NATIVE_EVALUATOR
trellisbma	1	6c2f91a47bd803e52a9c14f8d730be65	51430d73eee583b9bc528673e1c950304867c025e6af4d5fc7a42b7d17c3e4b9	51430d73eee583b9bc528673e1c950304867c025e6af4d5fc7a42b7d17c3e4b9	56f093cf772884de994072aa797bc9a19527a772b439e59c856548a5db23a467	37d0679d72c03936e071c5f2fe663e909c79772b21fbb530a1d700d167ec9b5f	37d0679d72c03936e071c5f2fe663e909c79772b21fbb530a1d700d167ec9b5f	37d0679d72c03936e071c5f2fe663e909c79772b21fbb530a1d700d167ec9b5f	0	23611c1d783167ec16913c8b151a1e4895d9bd7ce4f4a1843bc0a9947be260bf	66ce485be663e65967a2e17dee1a6b23b84789e405ffef8bb97fe80ea74a1b2e	1	1	0	0	cea21c97de1214ba04cf6c77b04c54117b445425a5b19c3a17fb33422cf24b06	166868878dd6dbc4e38c08a6fc92c74a744aa571ebbeb035bd43695ea9a1d887	eada3fec3755816665f185b2e300da6a6293f51109f8049ae1b14999d965ea73	eada3fec3755816665f185b2e300da6a6293f51109f8049ae1b14999d965ea73	0	0	0	0	NONE	0.9720602197206022	0.9720602197206022	0.9955587339555874	0.9955587339555874	0.4885392648853926	0.4885392648853926	1.628546528	3.740140109	2.2336474135518074	4.605581492185593	LEGACY_HARDCODED_EXCLUDED	NOT_APPLICABLE	1	PASS	7167	7167	3602	3602	811030	811030	PAIRED_NEW_EVALUATOR_AFTER_CANONICAL_IDENTITY	NATIVE_EVALUATOR
trellisbma	4	6c2f91a47bd803e52a9c14f8d730be65	51430d73eee583b9bc528673e1c950304867c025e6af4d5fc7a42b7d17c3e4b9	51430d73eee583b9bc528673e1c950304867c025e6af4d5fc7a42b7d17c3e4b9	56f093cf772884de994072aa797bc9a19527a772b439e59c856548a5db23a467	37d0679d72c03936e071c5f2fe663e909c79772b21fbb530a1d700d167ec9b5f	37d0679d72c03936e071c5f2fe663e909c79772b21fbb530a1d700d167ec9b5f	37d0679d72c03936e071c5f2fe663e909c79772b21fbb530a1d700d167ec9b5f	0	23611c1d783167ec16913c8b151a1e4895d9bd7ce4f4a1843bc0a9947be260bf	66ce485be663e65967a2e17dee1a6b23b84789e405ffef8bb97fe80ea74a1b2e	4	4	0,1,2,3	0,1,2,3	cea21c97de1214ba04cf6c77b04c54117b445425a5b19c3a17fb33422cf24b06	166868878dd6dbc4e38c08a6fc92c74a744aa571ebbeb035bd43695ea9a1d887	eada3fec3755816665f185b2e300da6a6293f51109f8049ae1b14999d965ea73	eada3fec3755816665f185b2e300da6a6293f51109f8049ae1b14999d965ea73	0	0	0	0	NONE	0.9720602197206022	0.9720602197206022	0.9955587339555874	0.9955587339555874	0.4885392648853926	0.4885392648853926	0.556712289	1.162019419	1.1666202880442142	1.9955710172653198	LEGACY_HARDCODED_EXCLUDED	NOT_APPLICABLE	1	PASS	7167	7167	3602	3602	811030	811030	PAIRED_NEW_EVALUATOR_AFTER_CANONICAL_IDENTITY	NATIVE_EVALUATOR
trellisbma	16	6c2f91a47bd803e52a9c14f8d730be65	51430d73eee583b9bc528673e1c950304867c025e6af4d5fc7a42b7d17c3e4b9	51430d73eee583b9bc528673e1c950304867c025e6af4d5fc7a42b7d17c3e4b9	56f093cf772884de994072aa797bc9a19527a772b439e59c856548a5db23a467	37d0679d72c03936e071c5f2fe663e909c79772b21fbb530a1d700d167ec9b5f	37d0679d72c03936e071c5f2fe663e909c79772b21fbb530a1d700d167ec9b5f	37d0679d72c03936e071c5f2fe663e909c79772b21fbb530a1d700d167ec9b5f	0	23611c1d783167ec16913c8b151a1e4895d9bd7ce4f4a1843bc0a9947be260bf	66ce485be663e65967a2e17dee1a6b23b84789e405ffef8bb97fe80ea74a1b2e	16	16	0,1,2,3,4,5,6,7,8,9,10,11,12,13,14,15	0,1,2,3,4,5,6,7,8,9,10,11,12,13,14,15	cea21c97de1214ba04cf6c77b04c54117b445425a5b19c3a17fb33422cf24b06	166868878dd6dbc4e38c08a6fc92c74a744aa571ebbeb035bd43695ea9a1d887	eada3fec3755816665f185b2e300da6a6293f51109f8049ae1b14999d965ea73	eada3fec3755816665f185b2e300da6a6293f51109f8049ae1b14999d965ea73	0	0	0	0	NONE	0.9720602197206022	0.9720602197206022	0.9955587339555874	0.9955587339555874	0.4885392648853926	0.4885392648853926	0.364488409	0.506236686	0.9801966100931168	1.2834493890404701	LEGACY_HARDCODED_EXCLUDED	NOT_APPLICABLE	1	PASS	7167	7167	3602	3602	811030	811030	PAIRED_NEW_EVALUATOR_AFTER_CANONICAL_IDENTITY	NATIVE_EVALUATOR
trellisbma	20	6c2f91a47bd803e52a9c14f8d730be65	51430d73eee583b9bc528673e1c950304867c025e6af4d5fc7a42b7d17c3e4b9	51430d73eee583b9bc528673e1c950304867c025e6af4d5fc7a42b7d17c3e4b9	56f093cf772884de994072aa797bc9a19527a772b439e59c856548a5db23a467	37d0679d72c03936e071c5f2fe663e909c79772b21fbb530a1d700d167ec9b5f	37d0679d72c03936e071c5f2fe663e909c79772b21fbb530a1d700d167ec9b5f	37d0679d72c03936e071c5f2fe663e909c79772b21fbb530a1d700d167ec9b5f	0	23611c1d783167ec16913c8b151a1e4895d9bd7ce4f4a1843bc0a9947be260bf	66ce485be663e65967a2e17dee1a6b23b84789e405ffef8bb97fe80ea74a1b2e	20	20	0,1,2,3,4,5,6,7,8,9,10,11,12,13,14,15,16,17,18,19	0,1,2,3,4,5,6,7,8,9,10,11,12,13,14,15,16,17,18,19	cea21c97de1214ba04cf6c77b04c54117b445425a5b19c3a17fb33422cf24b06	166868878dd6dbc4e38c08a6fc92c74a744aa571ebbeb035bd43695ea9a1d887	eada3fec3755816665f185b2e300da6a6293f51109f8049ae1b14999d965ea73	eada3fec3755816665f185b2e300da6a6293f51109f8049ae1b14999d965ea73	0	0	0	0	NONE	0.9720602197206022	0.9720602197206022	0.9955587339555874	0.9955587339555874	0.4885392648853926	0.4885392648853926	0.348380038	0.479606394	0.9218735024333	1.2850119099020958	LEGACY_HARDCODED_EXCLUDED	NOT_APPLICABLE	1	PASS	7167	7167	3602	3602	811030	811030	PAIRED_NEW_EVALUATOR_AFTER_CANONICAL_IDENTITY	NATIVE_EVALUATOR
trellisbma	32	6c2f91a47bd803e52a9c14f8d730be65	51430d73eee583b9bc528673e1c950304867c025e6af4d5fc7a42b7d17c3e4b9	51430d73eee583b9bc528673e1c950304867c025e6af4d5fc7a42b7d17c3e4b9	56f093cf772884de994072aa797bc9a19527a772b439e59c856548a5db23a467	37d0679d72c03936e071c5f2fe663e909c79772b21fbb530a1d700d167ec9b5f	37d0679d72c03936e071c5f2fe663e909c79772b21fbb530a1d700d167ec9b5f	37d0679d72c03936e071c5f2fe663e909c79772b21fbb530a1d700d167ec9b5f	0	23611c1d783167ec16913c8b151a1e4895d9bd7ce4f4a1843bc0a9947be260bf	66ce485be663e65967a2e17dee1a6b23b84789e405ffef8bb97fe80ea74a1b2e	32	32	0,1,2,3,4,5,6,7,8,9,10,11,12,13,14,15,16,17,18,19,20,21,22,23,24,25,26,27,28,29,30,31	0,1,2,3,4,5,6,7,8,9,10,11,12,13,14,15,16,17,18,19,20,21,22,23,24,25,26,27,28,29,30,31	cea21c97de1214ba04cf6c77b04c54117b445425a5b19c3a17fb33422cf24b06	166868878dd6dbc4e38c08a6fc92c74a744aa571ebbeb035bd43695ea9a1d887	eada3fec3755816665f185b2e300da6a6293f51109f8049ae1b14999d965ea73	eada3fec3755816665f185b2e300da6a6293f51109f8049ae1b14999d965ea73	0	0	0	0	NONE	0.9720602197206022	0.9720602197206022	0.9955587339555874	0.9955587339555874	0.4885392648853926	0.4885392648853926	0.456443909	0.578208249	1.0831289365887642	1.3748736158013344	LEGACY_HARDCODED_EXCLUDED	NOT_APPLICABLE	1	PASS	7167	7167	3602	3602	811030	811030	PAIRED_NEW_EVALUATOR_AFTER_CANONICAL_IDENTITY	NATIVE_EVALUATOR
dnaformer_nanopore	1	6c2f91a47bd803e52a9c14f8d730be65	5f5039dd1b9b7304f6231cd56594a4cde8d2a680d3c3bd47534d88be92e3eaf7	5f5039dd1b9b7304f6231cd56594a4cde8d2a680d3c3bd47534d88be92e3eaf7	18e73b85d7d9a1e2391f8ac6b0a9913154635920f0d09bb8ef587ab713d9f586	9894e948454781f8081500c85f91f78fba3a7ead2c0fe9f115bc970a0b388a7d	9894e948454781f8081500c85f91f78fba3a7ead2c0fe9f115bc970a0b388a7d	9894e948454781f8081500c85f91f78fba3a7ead2c0fe9f115bc970a0b388a7d	0	23611c1d783167ec16913c8b151a1e4895d9bd7ce4f4a1843bc0a9947be260bf	66ce485be663e65967a2e17dee1a6b23b84789e405ffef8bb97fe80ea74a1b2e	1	1	0	0	48075de346a39c218338df0145b7d7303efe309c22d885a89ecda2b9aa0651d5	da573cdee4b9f2cb3e12d26c65ff06bafca04fd5ca5fd2b44ab263605a181864	226195f304ee36753f27ac86384adabdeb4fbc62f88f4641d5a3e6a349ab31ce	226195f304ee36753f27ac86384adabdeb4fbc62f88f4641d5a3e6a349ab31ce	0	0	0	0	NONE	0.987524550811086	0.987524550811086	0.9986020976005154	0.9986020976005154	0.19570633592783881	0.19570633592783881	28.573050836	63.780862936	40.85659309849143	78.4409062564373	LEGACY_HARDCODED_EXCLUDED	NOT_APPLICABLE	1	PASS	108604	108604	21523	21523	15396640	15396640	PAIRED_NEW_EVALUATOR_AFTER_CANONICAL_IDENTITY	NATIVE_EVALUATOR
dnaformer_nanopore	4	6c2f91a47bd803e52a9c14f8d730be65	5f5039dd1b9b7304f6231cd56594a4cde8d2a680d3c3bd47534d88be92e3eaf7	5f5039dd1b9b7304f6231cd56594a4cde8d2a680d3c3bd47534d88be92e3eaf7	18e73b85d7d9a1e2391f8ac6b0a9913154635920f0d09bb8ef587ab713d9f586	9894e948454781f8081500c85f91f78fba3a7ead2c0fe9f115bc970a0b388a7d	9894e948454781f8081500c85f91f78fba3a7ead2c0fe9f115bc970a0b388a7d	9894e948454781f8081500c85f91f78fba3a7ead2c0fe9f115bc970a0b388a7d	0	23611c1d783167ec16913c8b151a1e4895d9bd7ce4f4a1843bc0a9947be260bf	66ce485be663e65967a2e17dee1a6b23b84789e405ffef8bb97fe80ea74a1b2e	4	4	0,1,2,3	0,1,2,3	48075de346a39c218338df0145b7d7303efe309c22d885a89ecda2b9aa0651d5	da573cdee4b9f2cb3e12d26c65ff06bafca04fd5ca5fd2b44ab263605a181864	226195f304ee36753f27ac86384adabdeb4fbc62f88f4641d5a3e6a349ab31ce	226195f304ee36753f27ac86384adabdeb4fbc62f88f4641d5a3e6a349ab31ce	0	0	0	0	NONE	0.987524550811086	0.987524550811086	0.9986020976005154	0.9986020976005154	0.19570633592783881	0.19570633592783881	9.394916847	19.464541055	21.776239324361086	34.022121880203485	LEGACY_HARDCODED_EXCLUDED	NOT_APPLICABLE	1	PASS	108604	108604	21523	21523	15396640	15396640	PAIRED_NEW_EVALUATOR_AFTER_CANONICAL_IDENTITY	NATIVE_EVALUATOR
dnaformer_nanopore	16	6c2f91a47bd803e52a9c14f8d730be65	5f5039dd1b9b7304f6231cd56594a4cde8d2a680d3c3bd47534d88be92e3eaf7	5f5039dd1b9b7304f6231cd56594a4cde8d2a680d3c3bd47534d88be92e3eaf7	18e73b85d7d9a1e2391f8ac6b0a9913154635920f0d09bb8ef587ab713d9f586	9894e948454781f8081500c85f91f78fba3a7ead2c0fe9f115bc970a0b388a7d	9894e948454781f8081500c85f91f78fba3a7ead2c0fe9f115bc970a0b388a7d	9894e948454781f8081500c85f91f78fba3a7ead2c0fe9f115bc970a0b388a7d	0	23611c1d783167ec16913c8b151a1e4895d9bd7ce4f4a1843bc0a9947be260bf	66ce485be663e65967a2e17dee1a6b23b84789e405ffef8bb97fe80ea74a1b2e	16	16	0,1,2,3,4,5,6,7,8,9,10,11,12,13,14,15	0,1,2,3,4,5,6,7,8,9,10,11,12,13,14,15	48075de346a39c218338df0145b7d7303efe309c22d885a89ecda2b9aa0651d5	da573cdee4b9f2cb3e12d26c65ff06bafca04fd5ca5fd2b44ab263605a181864	226195f304ee36753f27ac86384adabdeb4fbc62f88f4641d5a3e6a349ab31ce	226195f304ee36753f27ac86384adabdeb4fbc62f88f4641d5a3e6a349ab31ce	0	0	0	0	NONE	0.987524550811086	0.987524550811086	0.9986020976005154	0.9986020976005154	0.19570633592783881	0.19570633592783881	3.945796652	6.597199687	16.38170836493373	21.15998050570488	LEGACY_HARDCODED_EXCLUDED	NOT_APPLICABLE	1	PASS	108604	108604	21523	21523	15396640	15396640	PAIRED_NEW_EVALUATOR_AFTER_CANONICAL_IDENTITY	NATIVE_EVALUATOR
dnaformer_nanopore	20	6c2f91a47bd803e52a9c14f8d730be65	5f5039dd1b9b7304f6231cd56594a4cde8d2a680d3c3bd47534d88be92e3eaf7	5f5039dd1b9b7304f6231cd56594a4cde8d2a680d3c3bd47534d88be92e3eaf7	18e73b85d7d9a1e2391f8ac6b0a9913154635920f0d09bb8ef587ab713d9f586	9894e948454781f8081500c85f91f78fba3a7ead2c0fe9f115bc970a0b388a7d	9894e948454781f8081500c85f91f78fba3a7ead2c0fe9f115bc970a0b388a7d	9894e948454781f8081500c85f91f78fba3a7ead2c0fe9f115bc970a0b388a7d	0	23611c1d783167ec16913c8b151a1e4895d9bd7ce4f4a1843bc0a9947be260bf	66ce485be663e65967a2e17dee1a6b23b84789e405ffef8bb97fe80ea74a1b2e	20	20	0,1,2,3,4,5,6,7,8,9,10,11,12,13,14,15,16,17,18,19	0,1,2,3,4,5,6,7,8,9,10,11,12,13,14,15,16,17,18,19	48075de346a39c218338df0145b7d7303efe309c22d885a89ecda2b9aa0651d5	da573cdee4b9f2cb3e12d26c65ff06bafca04fd5ca5fd2b44ab263605a181864	226195f304ee36753f27ac86384adabdeb4fbc62f88f4641d5a3e6a349ab31ce	226195f304ee36753f27ac86384adabdeb4fbc62f88f4641d5a3e6a349ab31ce	0	0	0	0	NONE	0.987524550811086	0.987524550811086	0.9986020976005154	0.9986020976005154	0.19570633592783881	0.19570633592783881	3.632628246	5.642439713	15.853965993970633	20.178056199103594	LEGACY_HARDCODED_EXCLUDED	NOT_APPLICABLE	1	PASS	108604	108604	21523	21523	15396640	15396640	PAIRED_NEW_EVALUATOR_AFTER_CANONICAL_IDENTITY	NATIVE_EVALUATOR
dnaformer_nanopore	32	6c2f91a47bd803e52a9c14f8d730be65	5f5039dd1b9b7304f6231cd56594a4cde8d2a680d3c3bd47534d88be92e3eaf7	5f5039dd1b9b7304f6231cd56594a4cde8d2a680d3c3bd47534d88be92e3eaf7	18e73b85d7d9a1e2391f8ac6b0a9913154635920f0d09bb8ef587ab713d9f586	9894e948454781f8081500c85f91f78fba3a7ead2c0fe9f115bc970a0b388a7d	9894e948454781f8081500c85f91f78fba3a7ead2c0fe9f115bc970a0b388a7d	9894e948454781f8081500c85f91f78fba3a7ead2c0fe9f115bc970a0b388a7d	0	23611c1d783167ec16913c8b151a1e4895d9bd7ce4f4a1843bc0a9947be260bf	66ce485be663e65967a2e17dee1a6b23b84789e405ffef8bb97fe80ea74a1b2e	32	32	0,1,2,3,4,5,6,7,8,9,10,11,12,13,14,15,16,17,18,19,20,21,22,23,24,25,26,27,28,29,30,31	0,1,2,3,4,5,6,7,8,9,10,11,12,13,14,15,16,17,18,19,20,21,22,23,24,25,26,27,28,29,30,31	48075de346a39c218338df0145b7d7303efe309c22d885a89ecda2b9aa0651d5	da573cdee4b9f2cb3e12d26c65ff06bafca04fd5ca5fd2b44ab263605a181864	226195f304ee36753f27ac86384adabdeb4fbc62f88f4641d5a3e6a349ab31ce	226195f304ee36753f27ac86384adabdeb4fbc62f88f4641d5a3e6a349ab31ce	0	0	0	0	NONE	0.987524550811086	0.987524550811086	0.9986020976005154	0.9986020976005154	0.19570633592783881	0.19570633592783881	3.505019453	5.282463299	15.700281616300344	19.848310597240925	LEGACY_HARDCODED_EXCLUDED	NOT_APPLICABLE	1	PASS	108604	108604	21523	21523	15396640	15396640	PAIRED_NEW_EVALUATOR_AFTER_CANONICAL_IDENTITY	NATIVE_EVALUATOR
dnaformer_illumina	1	6c2f91a47bd803e52a9c14f8d730be65	5fb733efb00e14ab2198095c1e941adc1712319963a6cbc167b81087879ad4f4	5fb733efb00e14ab2198095c1e941adc1712319963a6cbc167b81087879ad4f4	5a685cae736f37dc5d8cb15588580133e575fbf40bab685ad95886b5cdfd6670	4a9332dabffcd98c7599b85439f7d606f718682ffdda4b06e0bbac2f51455b6b	4a9332dabffcd98c7599b85439f7d606f718682ffdda4b06e0bbac2f51455b6b	4a9332dabffcd98c7599b85439f7d606f718682ffdda4b06e0bbac2f51455b6b	0	23611c1d783167ec16913c8b151a1e4895d9bd7ce4f4a1843bc0a9947be260bf	66ce485be663e65967a2e17dee1a6b23b84789e405ffef8bb97fe80ea74a1b2e	1	1	0	0	6866b24b84ef4a1225d852583605bc92defd18d72dc8672ea0f29405c1990a27	7349455fef139ab6b09d362edc77eaeab7bc3384c63397c62c91a3dffe9a07e9	557b115aafec7562cf3465cc3d2d5fedebc28b7218381fb2a9913b199d9e6508	557b115aafec7562cf3465cc3d2d5fedebc28b7218381fb2a9913b199d9e6508	0	0	0	0	NONE	0.9991541148220913	0.9991541148220913	0.9999018981091673	0.9999018981091673	0.013734264716582987	0.013734264716582987	19.978759905	32.643412306	32.563099693506956	48.52416929230094	LEGACY_HARDCODED_EXCLUDED	NOT_APPLICABLE	1	PASS	109851	109851	1510	1510	15392160	15392160	PAIRED_NEW_EVALUATOR_AFTER_CANONICAL_IDENTITY	NATIVE_EVALUATOR
dnaformer_illumina	4	6c2f91a47bd803e52a9c14f8d730be65	5fb733efb00e14ab2198095c1e941adc1712319963a6cbc167b81087879ad4f4	5fb733efb00e14ab2198095c1e941adc1712319963a6cbc167b81087879ad4f4	5a685cae736f37dc5d8cb15588580133e575fbf40bab685ad95886b5cdfd6670	4a9332dabffcd98c7599b85439f7d606f718682ffdda4b06e0bbac2f51455b6b	4a9332dabffcd98c7599b85439f7d606f718682ffdda4b06e0bbac2f51455b6b	4a9332dabffcd98c7599b85439f7d606f718682ffdda4b06e0bbac2f51455b6b	0	23611c1d783167ec16913c8b151a1e4895d9bd7ce4f4a1843bc0a9947be260bf	66ce485be663e65967a2e17dee1a6b23b84789e405ffef8bb97fe80ea74a1b2e	4	4	0,1,2,3	0,1,2,3	6866b24b84ef4a1225d852583605bc92defd18d72dc8672ea0f29405c1990a27	7349455fef139ab6b09d362edc77eaeab7bc3384c63397c62c91a3dffe9a07e9	557b115aafec7562cf3465cc3d2d5fedebc28b7218381fb2a9913b199d9e6508	557b115aafec7562cf3465cc3d2d5fedebc28b7218381fb2a9913b199d9e6508	0	0	0	0	NONE	0.9991541148220913	0.9991541148220913	0.9999018981091673	0.9999018981091673	0.013734264716582987	0.013734264716582987	7.328532608	10.763617462	20.33885507658124	25.841716654598713	LEGACY_HARDCODED_EXCLUDED	NOT_APPLICABLE	1	PASS	109851	109851	1510	1510	15392160	15392160	PAIRED_NEW_EVALUATOR_AFTER_CANONICAL_IDENTITY	NATIVE_EVALUATOR
dnaformer_illumina	16	6c2f91a47bd803e52a9c14f8d730be65	5fb733efb00e14ab2198095c1e941adc1712319963a6cbc167b81087879ad4f4	5fb733efb00e14ab2198095c1e941adc1712319963a6cbc167b81087879ad4f4	5a685cae736f37dc5d8cb15588580133e575fbf40bab685ad95886b5cdfd6670	4a9332dabffcd98c7599b85439f7d606f718682ffdda4b06e0bbac2f51455b6b	4a9332dabffcd98c7599b85439f7d606f718682ffdda4b06e0bbac2f51455b6b	4a9332dabffcd98c7599b85439f7d606f718682ffdda4b06e0bbac2f51455b6b	0	23611c1d783167ec16913c8b151a1e4895d9bd7ce4f4a1843bc0a9947be260bf	66ce485be663e65967a2e17dee1a6b23b84789e405ffef8bb97fe80ea74a1b2e	16	16	0,1,2,3,4,5,6,7,8,9,10,11,12,13,14,15	0,1,2,3,4,5,6,7,8,9,10,11,12,13,14,15	6866b24b84ef4a1225d852583605bc92defd18d72dc8672ea0f29405c1990a27	7349455fef139ab6b09d362edc77eaeab7bc3384c63397c62c91a3dffe9a07e9	557b115aafec7562cf3465cc3d2d5fedebc28b7218381fb2a9913b199d9e6508	557b115aafec7562cf3465cc3d2d5fedebc28b7218381fb2a9913b199d9e6508	0	0	0	0	NONE	0.9991541148220913	0.9991541148220913	0.9999018981091673	0.9999018981091673	0.013734264716582987	0.013734264716582987	3.591421958	4.670598044	16.255071826279163	19.517736211419106	LEGACY_HARDCODED_EXCLUDED	NOT_APPLICABLE	1	PASS	109851	109851	1510	1510	15392160	15392160	PAIRED_NEW_EVALUATOR_AFTER_CANONICAL_IDENTITY	NATIVE_EVALUATOR
dnaformer_illumina	20	6c2f91a47bd803e52a9c14f8d730be65	5fb733efb00e14ab2198095c1e941adc1712319963a6cbc167b81087879ad4f4	5fb733efb00e14ab2198095c1e941adc1712319963a6cbc167b81087879ad4f4	5a685cae736f37dc5d8cb15588580133e575fbf40bab685ad95886b5cdfd6670	4a9332dabffcd98c7599b85439f7d606f718682ffdda4b06e0bbac2f51455b6b	4a9332dabffcd98c7599b85439f7d606f718682ffdda4b06e0bbac2f51455b6b	4a9332dabffcd98c7599b85439f7d606f718682ffdda4b06e0bbac2f51455b6b	0	23611c1d783167ec16913c8b151a1e4895d9bd7ce4f4a1843bc0a9947be260bf	66ce485be663e65967a2e17dee1a6b23b84789e405ffef8bb97fe80ea74a1b2e	20	20	0,1,2,3,4,5,6,7,8,9,10,11,12,13,14,15,16,17,18,19	0,1,2,3,4,5,6,7,8,9,10,11,12,13,14,15,16,17,18,19	6866b24b84ef4a1225d852583605bc92defd18d72dc8672ea0f29405c1990a27	7349455fef139ab6b09d362edc77eaeab7bc3384c63397c62c91a3dffe9a07e9	557b115aafec7562cf3465cc3d2d5fedebc28b7218381fb2a9913b199d9e6508	557b115aafec7562cf3465cc3d2d5fedebc28b7218381fb2a9913b199d9e6508	0	0	0	0	NONE	0.9991541148220913	0.9991541148220913	0.9999018981091673	0.9999018981091673	0.013734264716582987	0.013734264716582987	3.387213131	4.167526784	15.945549607276917	18.95369229093194	LEGACY_HARDCODED_EXCLUDED	NOT_APPLICABLE	1	PASS	109851	109851	1510	1510	15392160	15392160	PAIRED_NEW_EVALUATOR_AFTER_CANONICAL_IDENTITY	NATIVE_EVALUATOR
dnaformer_illumina	32	6c2f91a47bd803e52a9c14f8d730be65	5fb733efb00e14ab2198095c1e941adc1712319963a6cbc167b81087879ad4f4	5fb733efb00e14ab2198095c1e941adc1712319963a6cbc167b81087879ad4f4	5a685cae736f37dc5d8cb15588580133e575fbf40bab685ad95886b5cdfd6670	4a9332dabffcd98c7599b85439f7d606f718682ffdda4b06e0bbac2f51455b6b	4a9332dabffcd98c7599b85439f7d606f718682ffdda4b06e0bbac2f51455b6b	4a9332dabffcd98c7599b85439f7d606f718682ffdda4b06e0bbac2f51455b6b	0	23611c1d783167ec16913c8b151a1e4895d9bd7ce4f4a1843bc0a9947be260bf	66ce485be663e65967a2e17dee1a6b23b84789e405ffef8bb97fe80ea74a1b2e	32	32	0,1,2,3,4,5,6,7,8,9,10,11,12,13,14,15,16,17,18,19,20,21,22,23,24,25,26,27,28,29,30,31	0,1,2,3,4,5,6,7,8,9,10,11,12,13,14,15,16,17,18,19,20,21,22,23,24,25,26,27,28,29,30,31	6866b24b84ef4a1225d852583605bc92defd18d72dc8672ea0f29405c1990a27	7349455fef139ab6b09d362edc77eaeab7bc3384c63397c62c91a3dffe9a07e9	557b115aafec7562cf3465cc3d2d5fedebc28b7218381fb2a9913b199d9e6508	557b115aafec7562cf3465cc3d2d5fedebc28b7218381fb2a9913b199d9e6508	0	0	0	0	NONE	0.9991541148220913	0.9991541148220913	0.9999018981091673	0.9999018981091673	0.013734264716582987	0.013734264716582987	3.458297449	4.103383711	16.286362040787935	19.151776488870382	LEGACY_HARDCODED_EXCLUDED	NOT_APPLICABLE	1	PASS	109851	109851	1510	1510	15392160	15392160	PAIRED_NEW_EVALUATOR_AFTER_CANONICAL_IDENTITY	NATIVE_EVALUATOR
zenodo10943282	1	6c2f91a47bd803e52a9c14f8d730be65	c642b849362fd8f2c7875755b6b542643184830a22fee5e7159c92cff28b29d3	c642b849362fd8f2c7875755b6b542643184830a22fee5e7159c92cff28b29d3	c48ec6877151224f900dc31d7f2b15e8c103ba6974c5b155132fe7e0a8bf3f6c	ff018cb20ebb3d1c5605cb5b0f27750164072138bfd4fd648b1812a64224c7b8	5a19482996c96032ba5902e8e7288585870a958d63ca905da77ec832989cdd2e	ff018cb20ebb3d1c5605cb5b0f27750164072138bfd4fd648b1812a64224c7b8	680	23611c1d783167ec16913c8b151a1e4895d9bd7ce4f4a1843bc0a9947be260bf	66ce485be663e65967a2e17dee1a6b23b84789e405ffef8bb97fe80ea74a1b2e	1	1	0	0	96843deb757180c05e6d07eea76aa06af372f3427be543b05e58476a47fad24a	4bb35c68d32dc9471463dd5d687c296b3bd768cc0e0bb613738eb5817209b60d	ee320c9ecdbfd1fbcd4264a735c7ac04d9a2c5be681b9a2297ceabcef951d685	ee320c9ecdbfd1fbcd4264a735c7ac04d9a2c5be681b9a2297ceabcef951d685	0	0	0	0	NONE	0.9588301165931098	0.9588301165931098	0.9985417444320019	0.9985417444320019	0.21873833519970137	0.21873833519970137	31.121023843	63.955541573	42.81132887676358	77.28824459761381	LEGACY_HARDCODED_EXCLUDED	NOT_APPLICABLE	1	PASS	87336	87336	19924	19924	13662900	13662900	PAIRED_NEW_EVALUATOR_AFTER_CANONICAL_IDENTITY	NATIVE_EVALUATOR
zenodo10943282	4	6c2f91a47bd803e52a9c14f8d730be65	c642b849362fd8f2c7875755b6b542643184830a22fee5e7159c92cff28b29d3	c642b849362fd8f2c7875755b6b542643184830a22fee5e7159c92cff28b29d3	c48ec6877151224f900dc31d7f2b15e8c103ba6974c5b155132fe7e0a8bf3f6c	ff018cb20ebb3d1c5605cb5b0f27750164072138bfd4fd648b1812a64224c7b8	5a19482996c96032ba5902e8e7288585870a958d63ca905da77ec832989cdd2e	ff018cb20ebb3d1c5605cb5b0f27750164072138bfd4fd648b1812a64224c7b8	680	23611c1d783167ec16913c8b151a1e4895d9bd7ce4f4a1843bc0a9947be260bf	66ce485be663e65967a2e17dee1a6b23b84789e405ffef8bb97fe80ea74a1b2e	4	4	0,1,2,3	0,1,2,3	96843deb757180c05e6d07eea76aa06af372f3427be543b05e58476a47fad24a	4bb35c68d32dc9471463dd5d687c296b3bd768cc0e0bb613738eb5817209b60d	ee320c9ecdbfd1fbcd4264a735c7ac04d9a2c5be681b9a2297ceabcef951d685	ee320c9ecdbfd1fbcd4264a735c7ac04d9a2c5be681b9a2297ceabcef951d685	0	0	0	0	NONE	0.9588301165931098	0.9588301165931098	0.9985417444320019	0.9985417444320019	0.21873833519970137	0.21873833519970137	10.291258215	19.506888885	21.985041916370392	32.84589205309749	LEGACY_HARDCODED_EXCLUDED	NOT_APPLICABLE	1	PASS	87336	87336	19924	19924	13662900	13662900	PAIRED_NEW_EVALUATOR_AFTER_CANONICAL_IDENTITY	NATIVE_EVALUATOR
zenodo10943282	16	6c2f91a47bd803e52a9c14f8d730be65	c642b849362fd8f2c7875755b6b542643184830a22fee5e7159c92cff28b29d3	c642b849362fd8f2c7875755b6b542643184830a22fee5e7159c92cff28b29d3	c48ec6877151224f900dc31d7f2b15e8c103ba6974c5b155132fe7e0a8bf3f6c	ff018cb20ebb3d1c5605cb5b0f27750164072138bfd4fd648b1812a64224c7b8	5a19482996c96032ba5902e8e7288585870a958d63ca905da77ec832989cdd2e	ff018cb20ebb3d1c5605cb5b0f27750164072138bfd4fd648b1812a64224c7b8	680	23611c1d783167ec16913c8b151a1e4895d9bd7ce4f4a1843bc0a9947be260bf	66ce485be663e65967a2e17dee1a6b23b84789e405ffef8bb97fe80ea74a1b2e	16	16	0,1,2,3,4,5,6,7,8,9,10,11,12,13,14,15	0,1,2,3,4,5,6,7,8,9,10,11,12,13,14,15	96843deb757180c05e6d07eea76aa06af372f3427be543b05e58476a47fad24a	4bb35c68d32dc9471463dd5d687c296b3bd768cc0e0bb613738eb5817209b60d	ee320c9ecdbfd1fbcd4264a735c7ac04d9a2c5be681b9a2297ceabcef951d685	ee320c9ecdbfd1fbcd4264a735c7ac04d9a2c5be681b9a2297ceabcef951d685	0	0	0	0	NONE	0.9588301165931098	0.9588301165931098	0.9985417444320019	0.9985417444320019	0.21873833519970137	0.21873833519970137	4.14855594	6.652083665	16.06601171195507	20.18158170953393	LEGACY_HARDCODED_EXCLUDED	NOT_APPLICABLE	1	PASS	87336	87336	19924	19924	13662900	13662900	PAIRED_NEW_EVALUATOR_AFTER_CANONICAL_IDENTITY	NATIVE_EVALUATOR
zenodo10943282	20	6c2f91a47bd803e52a9c14f8d730be65	c642b849362fd8f2c7875755b6b542643184830a22fee5e7159c92cff28b29d3	c642b849362fd8f2c7875755b6b542643184830a22fee5e7159c92cff28b29d3	c48ec6877151224f900dc31d7f2b15e8c103ba6974c5b155132fe7e0a8bf3f6c	ff018cb20ebb3d1c5605cb5b0f27750164072138bfd4fd648b1812a64224c7b8	5a19482996c96032ba5902e8e7288585870a958d63ca905da77ec832989cdd2e	ff018cb20ebb3d1c5605cb5b0f27750164072138bfd4fd648b1812a64224c7b8	680	23611c1d783167ec16913c8b151a1e4895d9bd7ce4f4a1843bc0a9947be260bf	66ce485be663e65967a2e17dee1a6b23b84789e405ffef8bb97fe80ea74a1b2e	20	20	0,1,2,3,4,5,6,7,8,9,10,11,12,13,14,15,16,17,18,19	0,1,2,3,4,5,6,7,8,9,10,11,12,13,14,15,16,17,18,19	96843deb757180c05e6d07eea76aa06af372f3427be543b05e58476a47fad24a	4bb35c68d32dc9471463dd5d687c296b3bd768cc0e0bb613738eb5817209b60d	ee320c9ecdbfd1fbcd4264a735c7ac04d9a2c5be681b9a2297ceabcef951d685	ee320c9ecdbfd1fbcd4264a735c7ac04d9a2c5be681b9a2297ceabcef951d685	0	0	0	0	NONE	0.9588301165931098	0.9588301165931098	0.9985417444320019	0.9985417444320019	0.21873833519970137	0.21873833519970137	3.668754062	5.6891796	15.250027030706406	19.187438812106848	LEGACY_HARDCODED_EXCLUDED	NOT_APPLICABLE	1	PASS	87336	87336	19924	19924	13662900	13662900	PAIRED_NEW_EVALUATOR_AFTER_CANONICAL_IDENTITY	NATIVE_EVALUATOR
zenodo10943282	32	6c2f91a47bd803e52a9c14f8d730be65	c642b849362fd8f2c7875755b6b542643184830a22fee5e7159c92cff28b29d3	c642b849362fd8f2c7875755b6b542643184830a22fee5e7159c92cff28b29d3	c48ec6877151224f900dc31d7f2b15e8c103ba6974c5b155132fe7e0a8bf3f6c	ff018cb20ebb3d1c5605cb5b0f27750164072138bfd4fd648b1812a64224c7b8	5a19482996c96032ba5902e8e7288585870a958d63ca905da77ec832989cdd2e	ff018cb20ebb3d1c5605cb5b0f27750164072138bfd4fd648b1812a64224c7b8	680	23611c1d783167ec16913c8b151a1e4895d9bd7ce4f4a1843bc0a9947be260bf	66ce485be663e65967a2e17dee1a6b23b84789e405ffef8bb97fe80ea74a1b2e	32	32	0,1,2,3,4,5,6,7,8,9,10,11,12,13,14,15,16,17,18,19,20,21,22,23,24,25,26,27,28,29,30,31	0,1,2,3,4,5,6,7,8,9,10,11,12,13,14,15,16,17,18,19,20,21,22,23,24,25,26,27,28,29,30,31	96843deb757180c05e6d07eea76aa06af372f3427be543b05e58476a47fad24a	4bb35c68d32dc9471463dd5d687c296b3bd768cc0e0bb613738eb5817209b60d	ee320c9ecdbfd1fbcd4264a735c7ac04d9a2c5be681b9a2297ceabcef951d685	ee320c9ecdbfd1fbcd4264a735c7ac04d9a2c5be681b9a2297ceabcef951d685	0	0	0	0	NONE	0.9588301165931098	0.9588301165931098	0.9985417444320019	0.9985417444320019	0.21873833519970137	0.21873833519970137	3.565496386	5.199947034	15.43311581760645	19.093080952763557	LEGACY_HARDCODED_EXCLUDED	NOT_APPLICABLE	1	PASS	87336	87336	19924	19924	13662900	13662900	PAIRED_NEW_EVALUATOR_AFTER_CANONICAL_IDENTITY	NATIVE_EVALUATOR
err1816980_fountain	1	6c2f91a47bd803e52a9c14f8d730be65	87084cc9c1777c8941279a15b3462c791cd26912e92f8b650dbc8d1114f111be	87084cc9c1777c8941279a15b3462c791cd26912e92f8b650dbc8d1114f111be	1e283d20d047b77631cfeff4753a436ef353eeaadf25f9e6b1bc3d9e9e39c2e1	33fcbadcd52583bc9067fdec79bfa57eafe33049b823b0854eb0f7c3188c3d9d	33fcbadcd52583bc9067fdec79bfa57eafe33049b823b0854eb0f7c3188c3d9d	33fcbadcd52583bc9067fdec79bfa57eafe33049b823b0854eb0f7c3188c3d9d	0	23611c1d783167ec16913c8b151a1e4895d9bd7ce4f4a1843bc0a9947be260bf	66ce485be663e65967a2e17dee1a6b23b84789e405ffef8bb97fe80ea74a1b2e	1	1	0	0	33800db437d31c5f1d2a165dd21176a035ae84e6c18904329ead5259fb1575c0	4edf90f2915526422a97321788dc39570422db1fd88953ce8c5ec92dd5aee956	fd6beb83491f6ce71af4ef037960754d50be356fbd86c7404ebae63751b056a0	fd6beb83491f6ce71af4ef037960754d50be356fbd86c7404ebae63751b056a0	0	0	0	0	NONE	0.9997222222222222	0.9997222222222222	0.9999828216374269	0.9999828216374269	0.002611111111111111	0.002611111111111111	60.191123963	107.494832241	75.54397465288639	123.93106719851494	LEGACY_HARDCODED_EXCLUDED	NOT_APPLICABLE	1	PASS	71980	71980	188	188	10944000	10944000	PAIRED_NEW_EVALUATOR_AFTER_CANONICAL_IDENTITY	NATIVE_EVALUATOR
err1816980_fountain	4	6c2f91a47bd803e52a9c14f8d730be65	87084cc9c1777c8941279a15b3462c791cd26912e92f8b650dbc8d1114f111be	87084cc9c1777c8941279a15b3462c791cd26912e92f8b650dbc8d1114f111be	1e283d20d047b77631cfeff4753a436ef353eeaadf25f9e6b1bc3d9e9e39c2e1	33fcbadcd52583bc9067fdec79bfa57eafe33049b823b0854eb0f7c3188c3d9d	33fcbadcd52583bc9067fdec79bfa57eafe33049b823b0854eb0f7c3188c3d9d	33fcbadcd52583bc9067fdec79bfa57eafe33049b823b0854eb0f7c3188c3d9d	0	23611c1d783167ec16913c8b151a1e4895d9bd7ce4f4a1843bc0a9947be260bf	66ce485be663e65967a2e17dee1a6b23b84789e405ffef8bb97fe80ea74a1b2e	4	4	0,1,2,3	0,1,2,3	33800db437d31c5f1d2a165dd21176a035ae84e6c18904329ead5259fb1575c0	4edf90f2915526422a97321788dc39570422db1fd88953ce8c5ec92dd5aee956	fd6beb83491f6ce71af4ef037960754d50be356fbd86c7404ebae63751b056a0	fd6beb83491f6ce71af4ef037960754d50be356fbd86c7404ebae63751b056a0	0	0	0	0	NONE	0.9997222222222222	0.9997222222222222	0.9999828216374269	0.9999828216374269	0.002611111111111111	0.002611111111111111	22.67999372	35.637222365	38.63869361579418	53.68225460126996	LEGACY_HARDCODED_EXCLUDED	NOT_APPLICABLE	1	PASS	71980	71980	188	188	10944000	10944000	PAIRED_NEW_EVALUATOR_AFTER_CANONICAL_IDENTITY	NATIVE_EVALUATOR
err1816980_fountain	16	6c2f91a47bd803e52a9c14f8d730be65	87084cc9c1777c8941279a15b3462c791cd26912e92f8b650dbc8d1114f111be	87084cc9c1777c8941279a15b3462c791cd26912e92f8b650dbc8d1114f111be	1e283d20d047b77631cfeff4753a436ef353eeaadf25f9e6b1bc3d9e9e39c2e1	33fcbadcd52583bc9067fdec79bfa57eafe33049b823b0854eb0f7c3188c3d9d	33fcbadcd52583bc9067fdec79bfa57eafe33049b823b0854eb0f7c3188c3d9d	33fcbadcd52583bc9067fdec79bfa57eafe33049b823b0854eb0f7c3188c3d9d	0	23611c1d783167ec16913c8b151a1e4895d9bd7ce4f4a1843bc0a9947be260bf	66ce485be663e65967a2e17dee1a6b23b84789e405ffef8bb97fe80ea74a1b2e	16	16	0,1,2,3,4,5,6,7,8,9,10,11,12,13,14,15	0,1,2,3,4,5,6,7,8,9,10,11,12,13,14,15	33800db437d31c5f1d2a165dd21176a035ae84e6c18904329ead5259fb1575c0	4edf90f2915526422a97321788dc39570422db1fd88953ce8c5ec92dd5aee956	fd6beb83491f6ce71af4ef037960754d50be356fbd86c7404ebae63751b056a0	fd6beb83491f6ce71af4ef037960754d50be356fbd86c7404ebae63751b056a0	0	0	0	0	NONE	0.9997222222222222	0.9997222222222222	0.9999828216374269	0.9999828216374269	0.002611111111111111	0.002611111111111111	11.604613096	15.067777287	27.181852508336306	32.4389568939805	LEGACY_HARDCODED_EXCLUDED	NOT_APPLICABLE	1	PASS	71980	71980	188	188	10944000	10944000	PAIRED_NEW_EVALUATOR_AFTER_CANONICAL_IDENTITY	NATIVE_EVALUATOR
err1816980_fountain	20	6c2f91a47bd803e52a9c14f8d730be65	87084cc9c1777c8941279a15b3462c791cd26912e92f8b650dbc8d1114f111be	87084cc9c1777c8941279a15b3462c791cd26912e92f8b650dbc8d1114f111be	1e283d20d047b77631cfeff4753a436ef353eeaadf25f9e6b1bc3d9e9e39c2e1	33fcbadcd52583bc9067fdec79bfa57eafe33049b823b0854eb0f7c3188c3d9d	33fcbadcd52583bc9067fdec79bfa57eafe33049b823b0854eb0f7c3188c3d9d	33fcbadcd52583bc9067fdec79bfa57eafe33049b823b0854eb0f7c3188c3d9d	0	23611c1d783167ec16913c8b151a1e4895d9bd7ce4f4a1843bc0a9947be260bf	66ce485be663e65967a2e17dee1a6b23b84789e405ffef8bb97fe80ea74a1b2e	20	20	0,1,2,3,4,5,6,7,8,9,10,11,12,13,14,15,16,17,18,19	0,1,2,3,4,5,6,7,8,9,10,11,12,13,14,15,16,17,18,19	33800db437d31c5f1d2a165dd21176a035ae84e6c18904329ead5259fb1575c0	4edf90f2915526422a97321788dc39570422db1fd88953ce8c5ec92dd5aee956	fd6beb83491f6ce71af4ef037960754d50be356fbd86c7404ebae63751b056a0	fd6beb83491f6ce71af4ef037960754d50be356fbd86c7404ebae63751b056a0	0	0	0	0	NONE	0.9997222222222222	0.9997222222222222	0.9999828216374269	0.9999828216374269	0.002611111111111111	0.002611111111111111	10.764089035	13.548809414	26.20290680602193	30.140798583626747	LEGACY_HARDCODED_EXCLUDED	NOT_APPLICABLE	1	PASS	71980	71980	188	188	10944000	10944000	PAIRED_NEW_EVALUATOR_AFTER_CANONICAL_IDENTITY	NATIVE_EVALUATOR
err1816980_fountain	32	6c2f91a47bd803e52a9c14f8d730be65	87084cc9c1777c8941279a15b3462c791cd26912e92f8b650dbc8d1114f111be	87084cc9c1777c8941279a15b3462c791cd26912e92f8b650dbc8d1114f111be	1e283d20d047b77631cfeff4753a436ef353eeaadf25f9e6b1bc3d9e9e39c2e1	33fcbadcd52583bc9067fdec79bfa57eafe33049b823b0854eb0f7c3188c3d9d	33fcbadcd52583bc9067fdec79bfa57eafe33049b823b0854eb0f7c3188c3d9d	33fcbadcd52583bc9067fdec79bfa57eafe33049b823b0854eb0f7c3188c3d9d	0	23611c1d783167ec16913c8b151a1e4895d9bd7ce4f4a1843bc0a9947be260bf	66ce485be663e65967a2e17dee1a6b23b84789e405ffef8bb97fe80ea74a1b2e	32	32	0,1,2,3,4,5,6,7,8,9,10,11,12,13,14,15,16,17,18,19,20,21,22,23,24,25,26,27,28,29,30,31	0,1,2,3,4,5,6,7,8,9,10,11,12,13,14,15,16,17,18,19,20,21,22,23,24,25,26,27,28,29,30,31	33800db437d31c5f1d2a165dd21176a035ae84e6c18904329ead5259fb1575c0	4edf90f2915526422a97321788dc39570422db1fd88953ce8c5ec92dd5aee956	fd6beb83491f6ce71af4ef037960754d50be356fbd86c7404ebae63751b056a0	fd6beb83491f6ce71af4ef037960754d50be356fbd86c7404ebae63751b056a0	0	0	0	0	NONE	0.9997222222222222	0.9997222222222222	0.9999828216374269	0.9999828216374269	0.002611111111111111	0.002611111111111111	10.554776828	12.708197528	26.127533338963985	29.869779534637928	LEGACY_HARDCODED_EXCLUDED	NOT_APPLICABLE	1	PASS	71980	71980	188	188	10944000	10944000	PAIRED_NEW_EVALUATOR_AFTER_CANONICAL_IDENTITY	NATIVE_EVALUATOR
err1816980_official	1	6c2f91a47bd803e52a9c14f8d730be65	fa8ebad18e2dc51730ca66982097326a7146c6cd0faa248ed2111e53e42c4771	fa8ebad18e2dc51730ca66982097326a7146c6cd0faa248ed2111e53e42c4771	53942b14fca9735e88c5b0b13d4ba6c5107a7755dbeeb6c0288b99009584c04b	33fcbadcd52583bc9067fdec79bfa57eafe33049b823b0854eb0f7c3188c3d9d	33fcbadcd52583bc9067fdec79bfa57eafe33049b823b0854eb0f7c3188c3d9d	33fcbadcd52583bc9067fdec79bfa57eafe33049b823b0854eb0f7c3188c3d9d	0	23611c1d783167ec16913c8b151a1e4895d9bd7ce4f4a1843bc0a9947be260bf	66ce485be663e65967a2e17dee1a6b23b84789e405ffef8bb97fe80ea74a1b2e	1	1	0	0	c48d1812f1746275620ab483c8f37cd808ff168d3878c0ad56174ae7c80a7970	5f0923a1b28673730f16353cf1f44920b8341dd50e42696d460763e0f12241b1	fd6beb83491f6ce71af4ef037960754d50be356fbd86c7404ebae63751b056a0	fd6beb83491f6ce71af4ef037960754d50be356fbd86c7404ebae63751b056a0	0	0	0	0	NONE	0.9997222222222222	0.9997222222222222	0.9999828216374269	0.9999828216374269	0.002611111111111111	0.002611111111111111	123.21341748	185.740545286	146.70494352653623	210.97065406665206	LEGACY_HARDCODED_EXCLUDED	NOT_APPLICABLE	1	PASS	71980	71980	188	188	10944000	10944000	PAIRED_NEW_EVALUATOR_AFTER_CANONICAL_IDENTITY	NATIVE_EVALUATOR
err1816980_official	4	6c2f91a47bd803e52a9c14f8d730be65	fa8ebad18e2dc51730ca66982097326a7146c6cd0faa248ed2111e53e42c4771	fa8ebad18e2dc51730ca66982097326a7146c6cd0faa248ed2111e53e42c4771	53942b14fca9735e88c5b0b13d4ba6c5107a7755dbeeb6c0288b99009584c04b	33fcbadcd52583bc9067fdec79bfa57eafe33049b823b0854eb0f7c3188c3d9d	33fcbadcd52583bc9067fdec79bfa57eafe33049b823b0854eb0f7c3188c3d9d	33fcbadcd52583bc9067fdec79bfa57eafe33049b823b0854eb0f7c3188c3d9d	0	23611c1d783167ec16913c8b151a1e4895d9bd7ce4f4a1843bc0a9947be260bf	66ce485be663e65967a2e17dee1a6b23b84789e405ffef8bb97fe80ea74a1b2e	4	4	0,1,2,3	0,1,2,3	c48d1812f1746275620ab483c8f37cd808ff168d3878c0ad56174ae7c80a7970	5f0923a1b28673730f16353cf1f44920b8341dd50e42696d460763e0f12241b1	fd6beb83491f6ce71af4ef037960754d50be356fbd86c7404ebae63751b056a0	fd6beb83491f6ce71af4ef037960754d50be356fbd86c7404ebae63751b056a0	0	0	0	0	NONE	0.9997222222222222	0.9997222222222222	0.9999828216374269	0.9999828216374269	0.002611111111111111	0.002611111111111111	48.354573593	68.844384147	73.23400718346238	95.27193641290069	LEGACY_HARDCODED_EXCLUDED	NOT_APPLICABLE	1	PASS	71980	71980	188	188	10944000	10944000	PAIRED_NEW_EVALUATOR_AFTER_CANONICAL_IDENTITY	NATIVE_EVALUATOR
err1816980_official	16	6c2f91a47bd803e52a9c14f8d730be65	fa8ebad18e2dc51730ca66982097326a7146c6cd0faa248ed2111e53e42c4771	fa8ebad18e2dc51730ca66982097326a7146c6cd0faa248ed2111e53e42c4771	53942b14fca9735e88c5b0b13d4ba6c5107a7755dbeeb6c0288b99009584c04b	33fcbadcd52583bc9067fdec79bfa57eafe33049b823b0854eb0f7c3188c3d9d	33fcbadcd52583bc9067fdec79bfa57eafe33049b823b0854eb0f7c3188c3d9d	33fcbadcd52583bc9067fdec79bfa57eafe33049b823b0854eb0f7c3188c3d9d	0	23611c1d783167ec16913c8b151a1e4895d9bd7ce4f4a1843bc0a9947be260bf	66ce485be663e65967a2e17dee1a6b23b84789e405ffef8bb97fe80ea74a1b2e	16	16	0,1,2,3,4,5,6,7,8,9,10,11,12,13,14,15	0,1,2,3,4,5,6,7,8,9,10,11,12,13,14,15	c48d1812f1746275620ab483c8f37cd808ff168d3878c0ad56174ae7c80a7970	5f0923a1b28673730f16353cf1f44920b8341dd50e42696d460763e0f12241b1	fd6beb83491f6ce71af4ef037960754d50be356fbd86c7404ebae63751b056a0	fd6beb83491f6ce71af4ef037960754d50be356fbd86c7404ebae63751b056a0	0	0	0	0	NONE	0.9997222222222222	0.9997222222222222	0.9999828216374269	0.9999828216374269	0.002611111111111111	0.002611111111111111	27.48064595	35.274062828	51.71363290771842	61.00357497856021	LEGACY_HARDCODED_EXCLUDED	NOT_APPLICABLE	1	PASS	71980	71980	188	188	10944000	10944000	PAIRED_NEW_EVALUATOR_AFTER_CANONICAL_IDENTITY	NATIVE_EVALUATOR
err1816980_official	20	6c2f91a47bd803e52a9c14f8d730be65	fa8ebad18e2dc51730ca66982097326a7146c6cd0faa248ed2111e53e42c4771	fa8ebad18e2dc51730ca66982097326a7146c6cd0faa248ed2111e53e42c4771	53942b14fca9735e88c5b0b13d4ba6c5107a7755dbeeb6c0288b99009584c04b	33fcbadcd52583bc9067fdec79bfa57eafe33049b823b0854eb0f7c3188c3d9d	33fcbadcd52583bc9067fdec79bfa57eafe33049b823b0854eb0f7c3188c3d9d	33fcbadcd52583bc9067fdec79bfa57eafe33049b823b0854eb0f7c3188c3d9d	0	23611c1d783167ec16913c8b151a1e4895d9bd7ce4f4a1843bc0a9947be260bf	66ce485be663e65967a2e17dee1a6b23b84789e405ffef8bb97fe80ea74a1b2e	20	20	0,1,2,3,4,5,6,7,8,9,10,11,12,13,14,15,16,17,18,19	0,1,2,3,4,5,6,7,8,9,10,11,12,13,14,15,16,17,18,19	c48d1812f1746275620ab483c8f37cd808ff168d3878c0ad56174ae7c80a7970	5f0923a1b28673730f16353cf1f44920b8341dd50e42696d460763e0f12241b1	fd6beb83491f6ce71af4ef037960754d50be356fbd86c7404ebae63751b056a0	fd6beb83491f6ce71af4ef037960754d50be356fbd86c7404ebae63751b056a0	0	0	0	0	NONE	0.9997222222222222	0.9997222222222222	0.9999828216374269	0.9999828216374269	0.002611111111111111	0.002611111111111111	26.354356837	32.625101509	50.324378952383995	58.341246128082275	LEGACY_HARDCODED_EXCLUDED	NOT_APPLICABLE	1	PASS	71980	71980	188	188	10944000	10944000	PAIRED_NEW_EVALUATOR_AFTER_CANONICAL_IDENTITY	NATIVE_EVALUATOR
err1816980_official	32	6c2f91a47bd803e52a9c14f8d730be65	fa8ebad18e2dc51730ca66982097326a7146c6cd0faa248ed2111e53e42c4771	fa8ebad18e2dc51730ca66982097326a7146c6cd0faa248ed2111e53e42c4771	53942b14fca9735e88c5b0b13d4ba6c5107a7755dbeeb6c0288b99009584c04b	33fcbadcd52583bc9067fdec79bfa57eafe33049b823b0854eb0f7c3188c3d9d	33fcbadcd52583bc9067fdec79bfa57eafe33049b823b0854eb0f7c3188c3d9d	33fcbadcd52583bc9067fdec79bfa57eafe33049b823b0854eb0f7c3188c3d9d	0	23611c1d783167ec16913c8b151a1e4895d9bd7ce4f4a1843bc0a9947be260bf	66ce485be663e65967a2e17dee1a6b23b84789e405ffef8bb97fe80ea74a1b2e	32	32	0,1,2,3,4,5,6,7,8,9,10,11,12,13,14,15,16,17,18,19,20,21,22,23,24,25,26,27,28,29,30,31	0,1,2,3,4,5,6,7,8,9,10,11,12,13,14,15,16,17,18,19,20,21,22,23,24,25,26,27,28,29,30,31	c48d1812f1746275620ab483c8f37cd808ff168d3878c0ad56174ae7c80a7970	5f0923a1b28673730f16353cf1f44920b8341dd50e42696d460763e0f12241b1	fd6beb83491f6ce71af4ef037960754d50be356fbd86c7404ebae63751b056a0	fd6beb83491f6ce71af4ef037960754d50be356fbd86c7404ebae63751b056a0	0	0	0	0	NONE	0.9997222222222222	0.9997222222222222	0.9999828216374269	0.9999828216374269	0.002611111111111111	0.002611111111111111	26.456781416	32.141451014	50.76621476560831	58.47926550731063	LEGACY_HARDCODED_EXCLUDED	NOT_APPLICABLE	1	PASS	71980	71980	188	188	10944000	10944000	PAIRED_NEW_EVALUATOR_AFTER_CANONICAL_IDENTITY	NATIVE_EVALUATOR
